<?xml version="1.0" encoding="UTF-8"?>
<!DOCTYPE suite SYSTEM "https://testng.org/testng-1.0.dtd">
<suite name="Suite">

	<listeners>
		<listener class-name="utilities.ExtentReportManager"/>
	</listeners>
  <test thread-count="5" name="Test">
  
  	<parameter name="os" value="Windows"/>
  	<parameter name="browser" value="chrome"/>
  	
    <classes>
      <class name="testBase.BaseClass"/>
      <class name="testCases.TC_01_TestAccount"/>
      <class name="testCases.TC_02_TestLogin"/>
      <class name="testCases.TC_03_LoginExcelData"/>
      
    </classes>
  </test> <!-- Test -->
</suite> <!-- Suite -->
